Driver Name	Category	Alternate Name 1	Alternate Name 2	Alternate Name 3	Alternate Name 4	Alternate Name 5
Aaron TELITZ	G	Aaron Telitz				
Aaron WALKER	S	Aaron Walker				
Adam ADELSON	S	Adam Adelson				
Adam ALI	S	Adam Ali				
Adam CHRISTODOULOU	G	Adam Christodoulou				
Adrian D'SILVA	B	Adrian D'Silva				
Adrien CHILA	B	Adrien Chila				
Adrien CLOSMENIL	S	Adrien Closmenil				
Ahmad AL HARTHY	B	Ahmad Al Harthy				
Aidan READ	S	Aidan Read				
Al Faisal AL ZUBAIR	S	Al Faisal Al Zubair				
Alan BRYNJOLFSSON	B	Alan Brynjolfsson				
Alan METNI	B	Alan Metni				
Alban VARUTTI	S	Alban Varutti				
Albert COSTA	P	Albert Costa	Albert Costa Balboa	Albert COSTA BALBOA		
Alec UDELL	S	Alec Udell				
Alejandro GARCIA	S	Alejandro Garcia				
Aleksi NESOV	S	Aleksi Nesov				
Alessandro BALZAN	G	Alessandro Balzan				
Alessandro PIER GUIDI	P	Alessandro Pier Guidi				
Alessio DELEDDA	S	Alessio Deledda				
Alessio PICARIELLO	G	Alessio Picariello				
Alessio ROVERA	P	Alessio Rovera				
Alex AKA	S	Alex Aka	Arkin AKA	Arkin Aka	Alex Arkin AKA	Alex Arkin Aka
Alex BRUNDLE	G	Alex Brundle				
Alex KAPADIA	S	Alex Kapadia				
Alex KIRBY	S	Alex Kirby				
Alex LYNN	P	Alex Lynn	Alexander LYNN	Alexander Lynn		
Alex MALYKHIN	B	Alex Malykhin				
Alex PALOU	P	Alex Palou				
Alex QUINN	G	Alex Quinn	Alexander QUINN			
Alex RIBERAS	G	Alex Riberas				
Alexander BUKHANTSOV	B	Alexander Bukhantsov				
Alexander KOREIBA	S	Alexander Koreiba				
Alexander MATTSCHULL	B	Alexander Mattschull				
Alexander PERONI	G	Alexander Peroni				
Alexander ROSSI	P	Alexander Rossi				
Alexander SIMS	P	Alexander Sims				
Alexander WEST	B	Alexander West				
Alexandre COIGNY	B	Alexandre Coigny				
Alexandre COUGNAUD	S	Alexandre Cougnaud				
Alexandre IMPERATORI	G	Alexandre Imperatori				
Alexandre YVON	B	Alexandre Yvon				
Alfred RENAUER	S	Alfred Renauer				
Aliaksandr MALYKHIN	B	Aliaksandr Malykhin				
Amir FEYZULIN	B	Amir Feyzulin				
Anders FJORDBACH	S	Anders Fjordbach				
Andre LOTTERER	P	Andre Lotterer	André LOTTERER	André Lotterer		
Andre NEGRAO	G	Andre Negrao	André NEGRÃO	André Negrão		
Andrea BERTOLINI	G	Andrea Bertolini				
Andrea CALDARELLI	P	Andrea Caldarelli				
Andreas LASKARATOS	B	Andreas Laskaratos				
Andres LATORRE	B	Andres Latorre	Andres LATORRE CANON	Andres Latorre Canon		
Andrew BENTLEY	B	Andrew Bentley				
Andrew DAVIS	S	Andrew Davis				
Andrew HARYANTO	B	Andrew Haryanto				
Andrew LEE	S	Andrew Lee	Andy LEE	Andy Lee		
Andrew MEYRICK	G	Andrew Meyrick	Andy MEYRICK	Andy Meyrick		
Andrew PINKERTON	S	Andrew Pinkerton				
Andrew WATSON	S	Andrew Watson				
Andrey MUKOVOZ	B	Andrey Mukovoz				
Andy LALLY	G	Andy Lally				
Antares AU	B	Antares Au				
Anthony BARTONE	S	Anthony Bartone				
Anthony LIU	B	Anthony Liu				
Anthony MANTELLA	B	Anthony Mantella				
Anthony WELLS	B	Anthony Wells	Tony WELLS	Tony Wells		
Antoine COMEAU	B	Antoine Comeau				
Antoine DOQUIN	S	Antoine Doquin				
Anton Dias PERERA	B	Anton Dias Perera				
Antonio Felix DA COSTA	P	Antonio Felix Da Costa				
Antonio FUOCO	P	Antonio Fuoco				
Antonio GARCIA	P	Antonio Garcia				
Antonio GIOVINAZZI	P	Antonio Giovinazzi				
Antonio SERRAVALLE	S	Antonio Serravalle				
Ari BALOGH	B	Ari Balogh				
Arjun MAINI	G	Arjun Maini				
Arnold ROBIN	B	Arnold Robin				
Arthur LECLERC	G	Arthur Leclerc				
Ashton HARRISON	S	Ashton Harrison				
Audunn GUDMUNDSSON	B	Audunn Gudmundsson				
Augusto FARFUS	P	Augusto Farfus				
Austin CINDRIC	G	Austin Cindric				
Austin MCCUSKER	S	Austin Mccusker	Austin McCusker			
Axcil JEFFERIES	S	Axcil Jefferies	Axcil JEFFRIES	Axcil Jeffries		
Ayhancan GUVEN	P	Ayhancan Guven				
Ayrton ORI	S	Ayrton Ori				
Bailey VOISIN	S	Bailey Voisin				
Bashar MARDINI	B	Bashar Mardini				
Bastian BUUS	G	Bastian Buus				
Belen GARCIA	S	Belen Garcia	Belén GARCIA	Belén Garcia		
Ben BARNICOAT	P	Ben Barnicoat				
Ben HANLEY	G	Ben Hanley	Benjamin HANLEY	Benjamin Hanley		
Ben KEATING	B	Ben Keating				
Ben TUCK	S	Ben Tuck				
Benja HITES	S	Benja Hites				
Benjamin BARKER	G	Benjamin Barker				
Benjamin PEDERSEN	S	Benjamin Pedersen				
Benjimin GOETHE	G	Benjimin Goethe				
Bent VISCAAL	G	Bent Viscaal				
Bernardo PINHEIRO	S	Bernardo Pinheiro				
Bihuang ZHOU	B	Bihuang Zhou	Zhou BIHUANG	Zhou Bihuang		
Bijoy GARG	S	Bijoy Garg				
Bill AUBERLEN	G	Bill Auberlen				
Bill SWEEDLER	B	Bill Sweedler				
Blake MCDONALD	B	Blake Mcdonald	Blake McDonald	Blake McDONALD		
Brendan IRIBE	B	Brendan Iribe				
Brendon HARTLEY	P	Brendon Hartley				
Brendon LEITCH	S	Brendon Leitch				
Brian THIENES	B	Brian Thienes				
Broc FEENEY	G	Broc Feeney				
Bruno SPENGLER	P	Bruno Spengler				
Bryan SELLERS	G	Bryan Sellers				
Callum ILOTT	P	Callum Ilott				
Cameron SHIELDS	S	Cameron Shields				
Carl BENNETT	S	Carl Bennett	Carl Wattana BENNETT	Carl Wattana Bennett		
Casper STEVENSON	S	Casper Stevenson				
Cedric OLTRAMARE	S	Cedric Oltramare	Cédric OLTRAMARE	Cédric Oltramare		
Cedric SBIRRAZZUOLI	S	Cedric Sbirrazzuoli				
Cem BOLUKBASI	S	Cem Bolukbasi	Cem BÖLÜKBASI			
Chandler HULL	S	Chandler Hull				
Charles CREWS	S	Charles Crews	CR Crews	CR CREWS		
Charles MILESI	P	Charles Milesi				
Charles SCARDINA	B	Charles Scardina				
Charles-Henri SAMANI	B	Charles-Henri Samani				
Charlie EASTWOOD	G	Charlie Eastwood				
Charlie FAGG	G	Charlie Fagg	Charles FAGG	Charles Fagg		
Chris MCMURRY	B	Chris Mcmurry				
Christian BOGLE	S	Christian Bogle				
Christian HOOK	B	Christian Hook				
Christian RASMUSSEN	G	Christian Rasmussen				
Christian RIED	B	Christian Ried				
Christina NIELSEN	B	Christina Nielsen				
Christoph ULRICH	B	Christoph Ulrich				
Christophe CRESP	B	Christophe Cresp				
Christopher ALLEN	S	Christopher Allen				
Christopher HAASE	P	Christopher Haase				
Christopher MIES	P	Christopher Mies				
Claudio SCHIAVONI	B	Claudio Schiavoni				
Clemens SCHMID	S	Clemens Schmid				
Clement MATEU	B	Clement Mateu	Clément MATEU	Clément Mateu		
Clement NOVALAK	G	Clement Novalak	Clément NOVALAK	Clément Novalak		
Colin BRAUN	G	Colin Braun				
Colin KAMINSKY	X	Colin Kaminsky				
Colin NOBLE	G	Colin Noble				
Colton HERTA	G	Colton Herta				
Come LEDOGAR	P	Come Ledogar	Côme LEDOGAR	Côme Ledogar		
Connor BLOUM	S	Connor Bloum				
Connor DE PHILLIPPI	G	Connor De Phillippi				
Connor ZILISCH	S	Connor Zilisch				
Conrad GRUNEWALD	B	Conrad Grunewald				
Conrad LAURSEN	S	Conrad Laursen				
Cooper MACNEIL	S	Cooper MacNeil				
Corey LEWIS	S	Corey Lewis				
Dakota DICKERSON	S	Dakota Dickerson				
Dan GOLDBURG	B	Dan Goldburg				
Dan SKOCDOPOLE	S	Dan Skocdopole	Dan SKOČDOPOLE	Dan Skočdopole		
Dane CAMERON	P	Dane Cameron				
Danial FROST	S	Danial Frost				
Daniel ALI	S	Daniel Ali	Dan ALI	Dan Ali		
Daniel GOLDBURG	B	Daniel Goldburg				
Daniel HARPER	P	Daniel Harper	Dan HARPER	Dan Harper		
Daniel JUNCADELLA	P	Daniel Juncadella				
Daniel MANCINELLI	S	Daniel Mancinelli				
Daniel MORAD	G	Daniel Morad				
Daniel SCHNEIDER	B	Daniel Schneider				
Daniel SERRA	P	Daniel Serra				
Daniil KVYAT	P	Daniil Kvyat				
Danny FORMAL	S	Danny Formal				
Darren LEUNG	B	Darren Leung				
Darren TURNER	G	Darren Turner				
David BECKMANN	G	David Beckmann				
David BRULE	B	David Brule				
David DROUX	G	David Droux				
David FUMANELLI	G	David Fumanelli				
David HEINEMEIER-HANSSON	S	David Heinemeier-Hansson	David HEINEMEIER HANSSON	David Heinemeier Hansson		
David PEREL	S	David Perel				
David PITTARD	G	David Pittard				
Davide RIGON	P	Davide Rigon				
Dennis ANDERSEN	B	Dennis Andersen				
Dennis MARSCHALL	P	Dennis Marschall				
Dennis OLSEN	P	Dennis Olsen				
Derek DEBOER	B	Derek Deboer				
Devlin DEFRANCESCO	S	Devlin Defrancesco				
Diego ALESSI	B	Diego Alessi				
Dillon MACHAVERN	S	Dillon Machavern				
Dirk MUELLER	P	Dirk Mueller	Dirk Müller	Dirk MÜLLER		
Dominic ANG	S	Dominic Ang				
Don YOUNT	B	Don Yount				
Donald YOUNT	B	Donald Yount				
Dorian BOCCOLACCI	G	Dorian Boccolacci				
Doriane PIN	S	Doriane Pin				
Douglas KHOO	B	Douglas Khoo				
Dries VANTHOOR	P	Dries Vanthoor				
Duncan CAMERON	B	Duncan Cameron				
Duncan TAPPY	G	Duncan Tappy				
Dwight MERRIMAN	B	Dwight Merriman				
Dylan MURRY	S	Dylan Murry				
Dylan PEREIRA	G	Dylan Pereira				
Earl BAMBER	P	Earl Bamber				
Eddie CHEEVER	G	Eddie Cheever	Edward CHEEVER	Edward Cheever		
Edoardo MORTARA	P	Edoardo Mortara				
Edouard CAUHAUPE	S	Edouard Cauhaupe				
Edward JONES	G	Edward Jones	Ed JONES	Ed Jones		
Edward PEARSON	S	Edward Pearson				
Efrin CASTRO	B	Efrin Castro				
Elias SABO	B	Elias Sabo				
Elliott SKEER	S	Elliott Skeer				
Emmanuel COLLARD	S	Emmanuel Collard				
Enaam AHMED	G	Enaam Ahmed				
Enzo TRULLI	S	Enzo Trulli				
Eric LUX	B	Eric Lux				
Eric TROUILLET	B	Eric Trouillet				
Erik JOHANSSON	G	Erik Johansson				
Ernie FRANCIS JR.	G	Ernie Francis Jr.				
Erwan BASTARD	S	Erwan Bastard				
Esteban GUERRIERI	P	Esteban Guerrieri				
Esteban GUTIERREZ	P	Esteban Gutierrez				
Esteban MASSON	G	Esteban Masson				
Fabian SCHILLER	G	Fabian Schiller				
Fabien LAVERGNE	S	Fabien Lavergne				
Fabien MICHAL	B	Fabien Michal				
Fabio SCHERER	G	Fabio Scherer				
Fabrice ROSSELLO	B	Fabrice Rossello	Farbrice ROSSELLO	Farbrice Rossello		
Fabrizio CRESTANI	S	Fabrizio Crestani				
Felipe DRUGOVICH	P	Felipe Drugovich				
Felipe FRAGA	G	Felipe Fraga				
Felipe MASSA	P	Felipe Massa				
Felipe NASR	P	Felipe Nasr				
Ferdinand HABSBURG	G	Ferdinand Habsburg	Ferdinand HABSBURG-LOTHRINGEN	Ferdinand Habsburg-Lothringen		
Filip UGRAN	S	Filip Ugran				
Filipe ALBUQUERQUE	P	Filipe Albuquerque				
Finlay HUTCHISON	S	Finlay Hutchison				
Finn GEHRSITZ	B	Finn Gehrsitz	Fin GEHRSITZ	Fin Gehrsitz		
Florian LATORRE	S	Florian Latorre				
Florian SCHOLZE	B	Florian Scholze				
Francesco CASTELLACCI	S	Francesco Castellacci				
Francesco DRACONE	S	Francesco Dracone				
Francesco PIOVANETTI	B	Francesco Piovanetti				
Francesco PIZZI	S	Francesco Pizzi				
Francesco ZOLLO	B	Francesco Zollo				
Franck DEZOTEUX	B	Franck Dezoteux				
Franck MAILLEUX	G	Franck Mailleux				
Franck PERERA	P	Franck Perera				
Francois HERIAU	B	Francois Heriau	François HERIAU	François Heriau		
Francois PERRODO	B	Francois Perrodo	François PERRODO	François Perrodo		
Frankie BIRD	S	Frankie Bird	Frank BIRD	Frank Bird		
Frankie MONTECALVO	S	Frankie Montecalvo				
Franz KONRAD	B	Franz Konrad				
Fraser ROSS	S	Fraser Ross				
Fred MAKOWIECKI	P	Fred Makowiecki				
Fred POORDAD	B	Fred Poordad				
Freddie HUNT	S	Freddie Hunt				
Freddie TOMLINSON	S	Freddie Tomlinson				
Frederic JOUSSET	B	Frederic Jousset				
Frederic MAKOWIECKI	P	Frederic Makowiecki	Frédéric MAKOWIECKI	Frédéric Makowiecki		
Frederic VERVISCH	G	Frederic Vervisch				
Frederick LUBIN	S	Frederick Lubin				
Frederik SCHANDORFF	G	Frederik Schandorff				
Frederik VESTI	P	Frederik Vesti				
Friedrich VAN BOHLEN	B	Friedrich Van Bohlen				
Friedrich VON BOHLEN	B	Friedrich Von Bohlen				
Frits VAN EERD	B	Frits Van Eerd				
Gabby CHAVES	G	Gabby Chaves				
Gabriel AUBRY	G	Gabriel Aubry				
Gabriel CASAGRANDE	S	Gabriel Casagrande				
Gabriel RINDONE	B	Gabriel Rindone				
Gabriele LANCIERI	B	Gabriele Lancieri				
Gabriele RINDONE	B	Gabriele Rindone				
Gael JULIEN	S	Gael Julien				
Gar ROBINSON	B	Gar Robinson				
Garett GRIST	G	Garett Grist				
Garnet PATTERSON	S	Garnet Patterson				
George KURTZ	B	George Kurtz				
George NAKAS	B	George Nakas				
George STAIKOS	B	George Staikos				
Georgios KOLOVOS	B	Georgios Kolovos				
Gerald KRAUT	B	Gerald Kraut	Gerry KRAUT	Gerry Kraut		
Giacomo ALTOE	G	Giacomo Altoe	Giacomo ALTOÈ	Giacomo Altoè		
Giacomo PETROBELLI	B	Giacomo Petrobelli				
Giammarco LEVORATO	S	Giammarco Levorato				
Giancarlo FISICHELLA	P	Giancarlo Fisichella				
Gianmaria BRUNI	P	Gianmaria Bruni	Giammaria BRUNI	Giammaria Bruni		
Giedo VAN DER GARDE	P	Giedo van der Garde				
Gilles MAGNUS	G	Gilles Magnus				
Gillian HENRION	S	Gillian Henrion				
Giorgio RODA	B	Giorgio Roda				
Giorgio SERNAGIOTTO	S	Giorgio Sernagiotto				
Glenn VAN BERLO	S	Glenn van Berlo				
Goncalo GOMES	B	Goncalo Gomes	Gonçalo GOMES	Gonçalo Gomes		
Graham DOYLE	S	Graham Doyle				
Grégoire SAUCY	G	Grégoire Saucy				
Gregory HUFFAKER II	G	Gregory Huffaker II	Gregory HUFFAKER	Gregory Huffaker		
Griffin PEEBLES	S	Griffin Peebles				
Guilherme MOURA DE OLIVEIRA	S	Guilherme Moura De Oliveira	Guilherme DE OLIVEIRA	Guilherme de Oliveira	Guilherme OLIVEIRA	Guilherme Oliveira
Guillermo ROJAS	S	Guillermo Rojas				
Gunnar JEANNETTE	S	Gunnar Jeannette				
Gustav BIRCH	S	Gustav Birch				
Gustavo MENEZES	P	Gustavo Menezes				
Guy SMITH	G	Guy Smith				
Harry GOTTSACKER	S	Harry Gottsacker				
Harry KING	G	Harry King				
Harry TINCKNELL	P	Harry Tincknell				
Heiko NEUMANN	B	Heiko Neumann				
Helio CASTRONEVES	P	Helio Castroneves				
Hendrik STILL	S	Hendrik Still				
Henrik HEDMAN	B	Henrik Hedman				
Henrique CHAVES	P	Henrique Chaves				
Henry WALKENHORST	B	Henry Walkenhorst				
HH Prince Abdul Rahman IBRAHIM	B	HH Prince Abdul Rahman Ibrahim	HH Prince Abdul RAHMAN IBRAHIM			
Hikaru ABE	B	Hikaru Abe				
Hiroshi HAMAGUCHI	B	Hiroshi Hamaguchi				
Hiroshi KOIZUMI	B	Hiroshi Koizumi				
Horst FELBERMAYR	B	Horst Felbermayr				
Horst FELBERMAYR Jr	B	Horst Felbermayr Jr	Horst FELBERMAYR JR	Horst Jr FELBERMAYR		
Horst Felix FELBERMAYR	S	Horst Felix Felbermayr				
Hubert HAUPT	B	Hubert Haupt	Hubert HAUBT	Hubert Haubt		
Hugh PLUMB	B	Hugh Plumb				
Huilin HAN	B	Huilin Han				
Hunter MCELREA	S	Hunter Mcelrea	Hunter McElrea			
Ian AGUILERA	S	Ian Aguilera				
Ian JAMES	B	Ian James				
Ian LOGGIE	B	Ian Loggie				
Ian RODRIGUEZ	S	Ian Rodriguez				
Ilya GORBATSKIY	B	Ilya Gorbatskiy	Ilya GORBATSKY	Ilya Gorbatsky		
Indy DONTJE	S	Indy Dontje				
Jack AITKEN	P	Jack Aitken				
Jack DOOHAN	P	Jack Doohan				
Jack HAWKSWORTH	G	Jack Hawksworth				
Jack MANCHESTER	S	Jack Manchester				
Jacob ABEL	S	Jacob Abel				
Jacob RIEGEL	S	Jacob Riegel				
Jacques VILLENEUVE	P	Jacques Villeneuve				
Jacques WOLFF	B	Jacques Wolff				
Jaden CONWRIGHT	S	Jaden Conwright				
Jagger JONES	S	Jagger Jones				
Jake HUGHES	G	Jake Hughes				
Jake WALKER	S	Jake Walker				
Jakub SMIECHOWSKI	S	Jakub Smiechowski				
James ALLEN	G	James Allen				
James CALADO	P	James Calado				
James COTTINGHAM	B	James Cottingham				
James DAVISON	G	James Davison				
James DAYSON	B	James Dayson				
James FRENCH	S	James French				
James HINCHCLIFFE	G	James Hinchcliffe				
James LITTLEJOHN	S	James Littlejohn				
James MCGUIRE	B	James Mcguire	Jim MCGUIRE	Jim Mcguire	James McGuire	
James ROE	S	James Roe				
James ROSSITER	P	James Rossiter				
James Sofronas	B	James Sofronas				
James SWEETNAM	B	James Sweetnam				
James VANCE	S	James Vance				
James VOWLES	B	James Vowles				
James WINSLOW	S	James Winslow				
Jamie CHADWICK	S	Jamie Chadwick				
Jan HEYLEN	G	Jan Heylen				
Jan MAGNUSSEN	G	Jan Magnussen				
Jannes FITTJE	S	Jannes Fittje				
Jarett ANDRETTI	S	Jarett Andretti				
Jason HART	S	Jason Hart				
Jason RABE	B	Jason Rabe				
Jaxon EVANS	G	Jaxon Evans				
Jayden OJEDA	S	Jayden Ojeda				
Jazeman JAAFAR	G	Jazeman Jaafar				
Jean Baptiste SIMMENAUER	G	Jean Baptiste Simmenauer	Jean-Baptiste SIMMENAUER	Jean-Baptiste Simmenauer		
Jean GLORIEUX	B	Jean Glorieux				
Jean-Baptiste LAHAYE	S	Jean-Baptiste Lahaye				
Jean-Eric VERGNE	P	Jean-Eric Vergne	Jean-Éric VERGNE	Jean-Éric Vergne		
Jean-Francois BRUNOT	S	Jean-Francois Brunot				
Jean-François BRUNOT	B	Jean-François Brunot				
Jean-Karl VERNAY	P	Jean-Karl Vernay				
Jean-Ludovic FOUBERT	B	Jean-Ludovic Foubert				
Jeff WESTPHAL	G	Jeff Westphal				
Jeffrey SEGAL	G	Jeffrey Segal	Jeff SEGAL	Jeff Segal		
Jens KLINGMANN	G	Jens Klingmann				
Jens MOELLER	B	Jens Moeller	Jens MØLLER	Jens Reno MØLLER	Jens MOLLER	Jens Moller
Jenson BUTTON	P	Jenson Button				
Jeroen BLEEKEMOLEN	G	Jeroen Bleekemolen				
Jerome DE SADELEER	S	Jerome De Sadeleer	Jérome DE SADELEER	Jérome De Sadeleer		
Jesse KURKI-SOUNIO	S	Jesse Kurki-Sounio	Jesse KROHN	Jesse Krohn		
Jesse SALMENAUTIO	S	Jesse Salmenautio				
Jimmie JOHNSON	P	Jimmie Johnson				
Joao BARBOSA	G	Joao Barbosa				
Joao Paulo DE OLIVEIRA	P	Joao Paulo De Oliveira				
Job VAN UITERT	G	Job Van Uitert				
Joe OSBORNE	G	Joe Osborne				
Joel MILLER	G	Joel Miller				
Joel STURM	S	Joel Sturm				
Joey HAND	G	Joey Hand				
Johanes Setiawan SANTOSO	B	Johanes Setiawan Santoso	Setiawan SANTOSO	Setiawan Santoso		
John CORBETT	B	John Corbett				
John DEANGELIS	B	John DeAngelis				
John EDWARDS	P	John Edwards				
John FALB	B	John Falb				
John FARANO	B	John Farano				
John GEESBREGHT	S	John Geesbreght				
John HARTSHORNE	B	John Hartshorne				
John LOGGIE	B	John Loggie				
John MEGRUE	B	John Megrue				
John POTTER	B	John Potter				
John SCHAUERMAN	B	John Schauerman				
Johnny LAURSEN	B	Johnny Laursen				
Jon BENNETT	B	Jon Bennett				
Jon LANCASTER	G	Jon Lancaster				
Jonas RIED	S	Jonas Ried				
Jonathan ABERDEIN	G	Jonathan Aberdein				
Jonathan ADAM	P	Jonathan Adam				
Jonathan BOMARITO	G	Jonathan Bomarito				
Jonathan MILLER	S	Jonathan Miller	Jon Miller	Jon MILLER		
Jonathan WOOLRIDGE	S	Jonathan Woolridge				
Jonny EDGAR	S	Jonny Edgar				
Jordan GROGOR	S	Jordan Grogor				
Jordan LOVE	S	Jordan Love				
Jordan PEPPER	P	Jordan Pepper				
Jordan TAYLOR	P	Jordan Taylor				
Jorg BREUER	B	Jorg Breuer				
Jose Maria LOPEZ	P	Jose Maria Lopez				
Josef NEWGARDEN	P	Josef Newgarden				
Josh GREEN	S	Josh Green				
Josh SARCHET	B	Josh Sarchet				
Joshua BURDON	S	Joshua Burdon	Josh BURDON	Josh Burdon		
Joshua CAYGILL	B	Joshua Caygill				
Joshua PIERSON	G	Joshua Pierson	Josh PIERSON	Josh Pierson		
Juan Manuel CORREA	S	Juan Manuel Correa				
Juan Pablo MONTOYA	P	Juan Pablo Montoya				
Jules GOUNON	P	Jules Gounon				
Julien ANDLAUER	G	Julien Andlauer				
Julien CANAL	S	Julien Canal				
Julien GERBI	B	Julien Gerbi				
Julien PIGUET	B	Julien Piguet				
Jurgen HARING	B	Jurgen Haring				
Kai ASKEY	S	Kai Askey				
Kakunoshin OHTA	G	Kakunoshin Ohta				
Kamui KOBAYASHI	P	Kamui Kobayashi				
Karl VANDEWOESTYNE		Karl Vandewoestyne				
Katherine LEGGE	G	Katherine Legge				
Kay VAN BERLO	G	Kay Van Berlo	Kay van Berlo			
Kei COZZOLINO	G	Kei Cozzolino				
Kelvin VAN DER LINDE	P	Kelvin Van Der Linde				
Kenny HABUL	B	Kenny Habul				
Kenton KOCH	S	Kenton Koch				
Kerong LI	S	Kerong Li				
Kevin CONWAY	B	Kevin Conway				
Kevin ESTRE	P	Kevin Estre	Kévin ESTRE	Kévin Estre		
Kevin MAGNUSSEN	P	Kevin Magnussen				
Kevin WEEDA	B	Kevin Weeda				
Kiko PORTO	X	Kiko Porto				
Klaus BACHLER	P	Klaus Bachler				
Kriton LENTOUDIS	B	Kriton Lentoudis				
Kuno WITTMER	S	Kuno Wittmer				
Kyffin SIMPSON	G	Kyffin Simpson				
Kyle KIRKWOOD	G	Kyle Kirkwood				
Kyle MARCELLI	G	Kyle Marcelli				
Kyle TILLEY	S	Kyle Tilley				
Kyle WASHINGTON	B	Kyle Washington				
Lance BERGSTEIN	B	Lance Bergstein				
Lance WILLSEY	B	Lance Willsey				
Larry TEN VOORDE	G	Larry ten Voorde				
Lars KERN	S	Lars Kern				
Laurens VANTHOOR	P	Laurens Vanthoor				
Laurents HORR	G	Laurents Horr	Laurents HÖRR	Laurents Hörr	Laurents HOERR	Laurents Hoerr
Laurin HEINRICH	G	Laurin Heinrich				
Lazlo TOTH	S	Lazlo Toth				
Leonard WEISS	S	Leonard Weiss				
Leonardo PULCINI	G	Leonardo Pulcini				
Liam TALBOT	B	Liam Talbot				
Lilou WADOUX	S	Lilou Wadoux	Lilou WADOUX DUCELLIER	Lilou Wadoux Ducellier		
Linus LUNDQVIST	G	Linus Lundqvist				
Loic DUVAL	P	Loic Duval	Loïc DUVAL	Loïc Duval		
Lorcan HANAFIN	S	Lorcan Hanafin				
Lorenzo COLOMBO	G	Lorenzo Colombo				
Lorenzo FERRARI	G	Lorenzo Ferrari				
Lorenzo FLUXA	G	Lorenzo Fluxa				
Loris SPINELLI	G	Loris Spinelli				
Louis DELETRAZ	G	Louis Deletraz	Louis DELÉTRAZ	Louis Delétraz		
Louis FOSTER	S	Louis Foster				
Louis PRETTE	S	Louis Prette				
Louis ROUSSET	S	Louis Rousset				
Luca GHIOTTO	P	Luca Ghiotto				
Luca MARS	S	Luca Mars				
Luca STOLZ	P	Luca Stolz				
Lucas AUER	P	Lucas Auer				
Luis Felipe DERANI	P	Luis Felipe Derani				
Luis PEREZ COMPANC	B	Luis Perez Companc				
Lukas DUNNER	S	Lukas Dunner				
Luke BERKELEY	S	Luke Berkeley				
Maceo CAPIETTO	S	Maceo Capietto				
Madison SNOW	G	Madison Snow				
Malthe JAKOBSEN	G	Malthe Jakobsen				
Manuel ESPIRITO SANTO	S	Manuel Espirito Santo				
Manuel FRANCO	S	Manuel Franco	Manny FRANCO	Manny Franco		
Manuel MALDONADO	S	Manuel Maldonado				
Marc MILLER	S	Marc Miller				
Marco HOLZER	G	Marco Holzer				
Marco MAPELLI	P	Marco Mapelli				
Marco PULCINI	B	Marco Pulcini				
Marco SEEFRIED	S	Marco Seefried				
Marco SORENSEN	S	Marco Sorensen	Marco SØRENSEN	Marco Sørensen		
Marco WITTMANN	P	Marco Wittmann				
Marcos SIEBERT	S	Marcos Siebert				
Marcus CLUTTON	G	Marcus Clutton				
Marcus ERICSSON	P	Marcus Ericsson				
Marino SATO	G	Marino Sato				
Mario FARNBACHER	G	Mario Farnbacher				
Mario VON BOHLEN	S	Mario Von Bohlen				
Mark KVAMME	B	Mark Kvamme				
Mark RADCLIFFE	B	Mark Radcliffe				
Mark RICHARDS	B	Mark Richards				
Markus PALTTALA	S	Markus Palttala				
Markus POMMER	S	Markus Pommer				
Marlon HERNANDEZ	S	Marlon Hernandez				
Maro ENGEL	P	Maro Engel				
Martin BERRY	B	Martin Berry				
Martin KONRAD	B	Martin Konrad				
Martin RUMP	S	Martin Rump				
Marvin DIENST	G	Marvin Dienst				
Marvin KIRCHHOFER	P	Marvin Kirchhofer	Marvin KIRCHHÖFER	Marvin Kirchhöfer	Marvin KIRCHOFER	Marvin Kirchofer
Marvin KLEIN	G	Marvin Klein				
Mason FILIPPI	S	Mason Filippi				
Mateo LLARENA	S	Mateo Llarena				
Mateusz KAPRZYK	S	Mateusz Kaprzyk				
Mathias BECHE	G	Mathias Beche				
Mathieu DE BARBUAT	S	Mathieu De Barbuat				
Mathieu JAMINET	P	Mathieu Jaminet	Matthieu JAMINET	Matthieu Jaminet		
Matt CAMPBELL	P	Matt Campbell				
Matt MCMURRY	S	Matt McMurry				
Matt PLUMB	S	Matt Plumb				
Matteo CAIROLI	P	Matteo Cairoli				
Matteo CRESSONI	S	Matteo Cressoni				
Matteo NANNINI	S	Matteo Nannini				
Mattheiu DE BARBUAT	B	Mattheiu de Barbuat	Mattheiu De Barbuat			
Matthew BELL	S	Matthew Bell	Matt Bell	Matt BELL		
Matthew BRABHAM	S	Matthew Brabham	Matt BRABHAM	Matt Brabham		
Matthew GRIFFIN	G	Matthew Griffin				
Matthew PAYNE	G	Matthew Payne				
Matthew Richard BELL	B	Matthew Richard Bell				
Matthias KAISER	S	Matthias Kaiser				
Matthias LUETHEN	B	Matthias Luethen				
Matthieu LAHAYE	S	Matthieu Lahaye				
Matthieu VAXIVIERE	G	Matthieu Vaxiviere				
Maurice SMITH	B	Maurice Smith				
Max HANRATTY	S	Max Hanratty				
Max KOEBOLT	S	Max Koebolt				
Maxime MARTIN	P	Maxime Martin				
Maxime OOSTEN	S	Maxime Oosten				
Maxime ROBIN	S	Maxime Robin				
Maximilian BUHK	P	Maximilian Buhk				
Maximilian GOETZ	P	Maximilian Goetz				
Maximilian PAUL	G	Maximilian Paul				
Maxwell ROOT	S	Maxwell Root				
Memo GIDLEY	B	Memo Gidley				
Memo ROJAS	S	Memo Rojas				
Michael BENHAM	B	Michael Benham				
Michael BLANCHEMAIN	B	Michael Blanchemain				
Michael BRONISZEWSKI	B	Michael Broniszewski				
Michael CHRISTENSEN	P	Michael Christensen				
Michael COOPER	S	Michael Cooper				
Michael DE QUESADA	S	Michael de Quesada				
Michael DINAN	S	Michael Dinan				
Michael FASSBENDER	B	Michael Fassbender				
Michael JENSEN	B	Michael Jensen				
Michael O'BRIEN	S	Michael O'Brien				
Michael WAINWRIGHT	B	Michael Wainwright				
Michelle GATTING	G	Michelle Gatting				
Mick SCHUMACHER	P	Mick Schumacher				
Miguel CRISTOVAO	B	Miguel Cristovao	Miguel CRISTÓVÃO	Miguel Cristóvão		
Miguel MOLINA	P	Miguel Molina				
Miguel PEDRO RAMOS	B	Miguel Pedro Ramos				
Mihnea STEFAN	S	Mihnea Stefan	Mihnea Ioan STEFAN	Mihnea Ioan Stefan		
Mikael GRENIER	G	Mikael Grenier				
Mike CONWAY	P	Mike Conway				
Mike ROCKENFELLER	P	Mike Rockenfeller				
Mike SKEEN	S	Mike Skeen				
Mikkel JENSEN	P	Mikkel Jensen				
Mikkel MAC	G	Mikkel Mac				
Mikkel PEDERSEN	S	Mikkel Pedersen				
Mirko BORTOLOTTI	P	Mirko Bortolotti				
Miroslav KONOPKA	B	Miroslav Konopka	Miro KONOPKA	Miro Konopka		
Misha GOIKHBERG	S	Misha Goikhberg				
Moritz KRANZ	S	Moritz Kranz				
Morris SCHURING	S	Morris Schuring				
Morten STROMSTEDT	B	Morten Stromstedt				
Mourice SMITH	B	Mourice Smith				
Naoki YOKOMIZO	S	Naoki Yokomizo				
Nathanael BERTHON	G	Nathanael Berthon	Nathanaël BERTHON	Nathanaël Berthon		
Neale MUSTON	B	Neale Muston				
Neel JANI	P	Neel Jani				
Neil VERHAGEN	G	Neil Verhagen				
Nelson PIQUET Jr	P	Nelson Piquet Jr				
Nic JONSSON	B	Nic Jonsson				
Nicholas CASSIDY	P	Nicholas Cassidy				
Nicholas TANDY	P	Nicholas Tandy				
Nick ADCOCK	B	Nick Adcock				
Nick BOULLE	B	Nick Boulle				
Nick HALSTEAD	B	Nick Halstead				
Nick MOSS	B	Nick Moss				
Nick TANDY	P	Nick Tandy				
Nick YELLOLY	P	Nick Yelloly	Nicholas YELOLLY	Nicholas Yelloly		
Nicki THIIM	P	Nicki Thiim				
Nicklas NIELSEN	P	Nicklas Nielsen				
Nicky CATSBURG	P	Nicky Catsburg				
Nico MUELLER	P	Nico Mueller	Nico MÜLLER	Nico Müller	Nico MULLER	Nico Muller
Nico PRONK	B	Nico Pronk				
Nicola MARINANGELI	S	Nicola Marinangeli				
Nicolai KJAERGAARD	S	Nicolai Kjaergaard				
Nicolas COSTA	S	Nicolas Costa				
Nicolas JAMIN	G	Nicolas Jamin				
Nicolas LAPIERRE	P	Nicolas Lapierre				
Nicolas LEUTWILER	B	Nicolas Leutwiler				
Nicolas MAULINI	S	Nicolas Maulini				
Nicolas PINO	S	Nicolas Pino	Nico Pino	Nico Pino		
Nicolas VARRONE	G	Nicolas Varrone	Nico VARRONE	Nico Varrone	Nicolás VARRONE	Nicolás Varrone
Niels KOOLEN	S	Niels Koolen				
Nikita ALEKSANDROV	S	Nikita Aleksandrov				
Nikita MAZEPIN	P	Nikita Mazepin				
Niklas KRUETTEN	G	Niklas Kruetten				
Noam ABRAMCZYK	S	Noam Abramczyk				
Nolan SIEGEL	G	Nolan Siegel				
Norman NATO	G	Norman Nato				
Nyck DE VRIES	P	Nyck De Vries				
Oliver GRAY	G	Oliver Gray				
Oliver JARVIS	P	Oliver Jarvis				
Oliver RASMUSSEN	G	Oliver Rasmussen				
Olivier PLA	P	Olivier Pla				
Olli CALDWELL	G	Olli Caldwell				
Ollie MILLROY	S	Ollie Millroy	Oliver MILLROY	Oliver Millroy		
Onofrio TRIARSI	S	Onofrio Triarsi				
Orey FIDANI	B	Orey Fidani				
Oscar TUNJO	S	Oscar Tunjo				
Owen TRINKLER	S	Owen Trinkler				
Pascal WEHRLEIN	P	Pascal Wehrlein				
Parker THOMPSON	S	Parker Thompson				
Patricio O'WARD	P	Patricio O'Ward				
Patrick ASSENHEIMER	S	Patrick Assenheimer				
Patrick GALLAGHER	S	Patrick Gallagher				
Patrick KELLY	B	Patrick Kelly				
Patrick LIDDY	S	Patrick Liddy				
Patrick LINDSEY	S	Patrick Lindsey				
Patrick PILET	P	Patrick Pilet				
Paul DALLA LANA	B	Paul Dalla Lana				
Paul DI RESTA	P	Paul Di Resta				
Paul EVRARD	S	Paul Evrard				
Paul HOLTON	G	Paul Holton				
Paul LAFARGUE	S	Paul Lafargue				
Paul-Loup CHATIN	G	Paul-Loup Chatin	Paul Loup CHATIN	Paul Loup Chatin		
Pedro PERINO	S	Pedro Perino				
Peter KOX	S	Peter Kox				
Philip ELLIS	G	Philip Ellis				
Philip HANSON	G	Philip Hanson	Phil HANSON	Phil Hanson		
Philip KEEN	G	Philip Keen	Phil KEEN	Phil Keen		
Philipp ENG	P	Philipp Eng				
Philipp SAGER	B	Philipp Sager				
Philippe CIMADOMO	B	Philippe Cimadomo				
Phillip HYETT	B	Phillip Hyett				
Pierre EHRET	B	Pierre Ehret				
Pierre RAGUES	S	Pierre Ragues				
Pietro FITTIPALDI	G	Pietro Fittipaldi				
Pipo DERANI	P	Pipo Derani				
PJ HYETT	B	PJ Hyett				
Raphaël NARAC	S	Raphaël Narac				
Raffaele GIAMMARIA	S	Raffaele Giammaria				
Raffaele MARCIELLO	P	Raffaele Marciello				
Rahel FREY	S	Rahel Frey				
Ralf BOHN	B	Ralf Bohn				
Rasmus LINDH	S	Rasmus Lindh				
Reece GOLD	S	Reece Gold				
Rene BINDER	G	Rene Binder	René BINDER	René Binder		
Rene RAST	P	Rene Rast	René RAST	René Rast		
Renger VAN DER ZANDE	P	Renger van der Zande				
Reshad DE GERUS	G	Reshad De Gerus	Reshad DE GÉRUS	Reshad De Gérus		
Riccardo AGOSTINI	G	Riccardo Agostini				
Riccardo PERA	S	Riccardo Pera				
Richard BRADLEY	G	Richard Bradley				
Richard HEISTAND	S	Richard Heistand				
Richard LIETZ	P	Richard Lietz				
Richard VERSCHOOR	G	Richard Verschoor				
Richard WESTBROOK	P	Richard Westbrook				
Ricky TAYLOR	P	Ricky Taylor				
Rik KOEN	S	Rik Koen				
Rino MASTRONARDI	B	Rino Mastronardi				
Rinus VEEKAY	G	Rinus VeeKay	Rinus Veekay			
Ritomo MIYATA	P	Ritomo Miyata				
Rob BELL	P	Rob Bell				
Rob FERRIOL	B	Rob Ferriol				
Rob HODES	B	Rob Hodes				
Robby FOLEY	G	Robby Foley				
Robert KUBICA	P	Robert Kubica				
Robert MAU	B	Robert Mau				
Robert MEGENNIS	S	Robert Megennis				
Robert RENAUER	G	Robert Renauer				
Robert SHWARTZMAN	P	Robert Shwartzman				
Roberto GONZALEZ	S	Roberto Gonzalez				
Roberto LACORTE	B	Roberto Lacorte				
Robin FRIJNS	P	Robin Frijns				
Rodrigo SALES	B	Rodrigo Sales				
Rolf INEICHEN	S	Rolf Ineichen				
Romain DUMAS	P	Romain Dumas				
Romain GROSJEAN	P	Romain Grosjean				
Roman DE ANGELIS	G	Roman De Angelis				
Roman ZIEMIAN	B	Roman Ziemian				
Rory PENTTINEN	B	Rory Penttinen				
Ross GUNN	P	Ross Gunn				
Ross KAISER	S	Ross Kaiser				
Roy NISSANY	G	Roy Nissany				
Rui AGUAS	S	Rui Aguas				
Rui ANDRADE	S	Rui Andrade	Rui Pinto de Andrade			
Russell WARD	S	Russell Ward				
Ryan BRISCOE	P	Ryan Briscoe				
Ryan CULLEN	S	Ryan Cullen				
Ryan DALZIEL	G	Ryan Dalziel				
Ryan EVERSLEY	G	Ryan Eversley				
Ryan HARDWICK	G	Ryan Hardwick				
Ryan HARPER-ELLAM	S	Ryan Harper-Ellam				
Ryan HUNTER-REAY	P	Ryan Hunter-Reay				
Ryo HIRAKAWA	P	Ryo Hirakawa				
Salih YOLUC	S	Salih Yoluc				
Sam BIRD	P	Sam Bird				
Sam DE HAAN	S	Sam De Haan	Samuel DE HAAN	Samuel De Haan		
Sami MEGUETOUNIF	S	Sami Meguetounif				
Sandy Mitchell	P	Sandy MITCHELL				
Santiago Concepcion SERRANO	S	Santiago Concepcion Serrano				
Sarah BOVY	B	Sarah Bovy				
Satoshi HOSHINO	B	Satoshi Hoshino				
Scott ANDREWS	G	Scott Andrews				
Scott DIXON	P	Scott Dixon				
Scott HARGROVE	S	Scott Hargrove				
Scott HUFFAKER	G	Scott Huffaker				
Scott HUFFAKER II	G	Scott Hufakker II				
Scott MCLAUGHLIN	P	Scott McLaughlin				
Sean GELAEL	S	Sean Gelael				
Sean HUDSPETH	S	Sean Hudspeth				
Seb PRIAULX	G	Seb Priaulx				
Sebastian ALVAREZ	S	Sebastian Alvarez				
Sebastian MONTOYA	S	Sebastian Montoya				
Sebastian PRIAULX	G	Sebastian Priaulx				
Sebastien Baud	B	Sebastien Baud	Sébastien BAUD	Sébastien Baud		
Sebastien BOURDAIS	P	Sebastien Bourdais	Sébastien BOURDAIS	Sébastien Bourdais		
Sebastien BUEMI	P	Sebastien Buemi	Sébastien BUEMI	Sébastien Buemi		
Sebastien OGIER	P	Sebastien Ogier	Sébastien OGIER	Sébastien Ogier		
Sebastien PAGE	B	Sebastien Page	Sébastien PAGE	Sébastien Page		
Sergey TITARENKO	S	Sergey Titarenko				
Sergio CAMPANA	G	Sergio Campana				
Seth LUCAS	S	Seth Lucas				
Shane VAN GISBERGEN	P	Shane Van Gisbergen				
Shaun THONG	S	Shaun Thong				
Sheena MONK	B	Sheena Monk				
Shek Fai Edgar LAU	S	Shek Fai Edgar Lau	Edgar LAU	Edgar Lau		
Sheldon VAN DER LINDE	P	Sheldon van der Linde				
Simon MANN	S	Simon Mann				
Simon ORANGE	B	Simon Orange				
Simon PAGENAUD	P	Simon Pagenaud				
Sophia FLOERSCH	S	Sophia Floersch	Sophia FLORSCH	Sophia Florsch	Sophia FLÖRSCH	Sophia Flörsch
Spencer PUMPELLY	S	Spencer Pumpelly				
Stanislav MINSKY	B	Stanislav Minsky				
Stefan WILSON	S	Stefan Wilson				
Stefano CONSTANTINI	B	Stefano Constantini	Stefano COSTANTINI	Stefano Costantini		
Stephane KOX	S	Stephane Kox				
Stephane RICHELMI	G	Stephane Richelmi	Stéphane RICHELMI	Stéphane Richelmi		
Stevan MCALEER	G	Stevan McAleer				
Steve JANS	B	Steve Jans				
Steven PALETTE	S	Steven Palette				
Steven THOMAS	B	Steven Thomas				
Stoffel VANDOORNE	P	Stoffel Vandoorne	Stoffel Vandorne			
Stuart WILTSHIRE	B	Stuart Wiltshire				
Takeshi KIMURA	B	Takeshi Kimura				
Tanart SATHIENTHIRAKUL	S	Tanart Sathienthirakul				
Tatiana CALDERON	S	Tatiana Calderon	Tati CALDERON	Tati Calderon		
Ted GIOVANIS	B	Ted Giovanis				
Terrence WOODWARD	B	Terrence Woodward				
Theodor JENSEN	S	Theodor Jensen				
Thomas FLOHR	B	Thomas Flohr				
Thomas LAURENT	G	Thomas Laurent				
Thomas MERRILL	S	Thomas Merrill				
Thomas NEUBAUER	G	Thomas Neubauer				
Thomas PREINING	P	Thomas Preining				
Tijmen VAN DER HELM	G	Tijmen van der Helm				
Till BECHTOLSHEIMER	B	Till Bechtolsheimer				
Tim HEINEMANN	G	Tim Heinemann				
Timur BOGUSLAVSKIY	S	Timur Boguslavskiy				
Tobias LUTKE	B	Tobias Lutke				
Toby SOWERY	S	Toby Sowery				
Todd ARCHER	B	Todd Archer				
Tom BLOMQVIST	P	Tom Blomqvist				
Tom CLOET	B	Tom Cloet				
Tom DILLMANN	G	Tom Dillmann				
Tom GAMBLE	G	Tom Gamble				
Tom LONG	S	Tom Long				
Tom VAN ROMPUY	B	Tom Van Rompuy				
Tomi VEIJALAINEN	B	Tomi Veijalainen				
Tommy MILNER	P	Tommy Milner				
Tomonobu FUJII	G	Tomonobu Fujii				
Toni VILANDER	P	Toni Vilander				
Tonis KASEMETS	B	Tonis Kasemets				
Torsten KRATZ	B	Torsten Kratz				
Townsend BELL	G	Townsend Bell				
Trent HINDMAN	G	Trent Hindman				
Trenton ESTEP	S	Trenton Estep				
Tristan NUNEZ	G	Tristan Nunez				
Tristan VAUTIER	G	Tristan Vautier				
Tyler MAXSON	S	Tyler Maxson				
Ugo DE WILDE	G	Ugo De Wilde	Ugo de Wilde			
Ulysse DE PAUW	G	Ulysse De Pauw				
Valdemar ERIKSEN	S	Valdemar Eriksen				
Valentin HASSE-CLOT	G	Valentin Hasse-Clot	Valentin HASSE CLOT	Valentin Hasse Clot		
Valentin PIERBURG	B	Valentin Pierburg				
Valentino CATALANO	S	Valentino Catalano				
Valentino ROSSI	S	Valentino Rossi				
Valerio RINICELLA	S	Valerio Rinicello				
Viacheslav GUTAK	S	Viacheslav Gutak				
Victor FRANZONI	S	Victor Franzoni				
Victor GOMEZ	S	Victor Gomez				
Vincent ABRIL	G	Vincent Abril				
Vlacheslav GUTAK	S	Vlacheslav Gutak				
Vladislav LOMKO	G	Vladislav Lomko				
Wayne BOYD	G	Wayne Boyd				
William OWEN	G	William Owen	Will Owen	Will OWEN		
William STEVENS	P	William Stevens	Will STEVENS	Will Stevens		
Wyatt BRICHACEK	S	Wyatt Brichacek				
Xavier LLOVERAS	S	Xavier Lloveras				
Yasser SHAHIN	B	Yasser Shahin				
Yifei YE	G	Yifei Ye	Ye YIFEI	Ye Yifei		
Yorikatsu TSUJIKO	B	Yorikatsu Tsujiko				
Yu KANAMARU	S	Yu Kanamaru				
Yuven SUNDARAMOORTHY	X	Yuven Sundaramoorthy				
Zacharie ROBICHON	S	Zacharie Robichon				
Zhongwei WANG	S	Zhongwei Wang				
